{"acc": [0.7701801061630249, 0.8103179931640625, 0.8229930996894836, 0.8346675634384155, 0.8438959121704102, 0.8495664000511169, 0.8570157885551453, 0.8641316294670105, 0.8686902523040771, 0.873248815536499, 0.8899266123771667, 0.8934845328330994, 0.8984878659248352, 0.9022681713104248, 0.9127196073532104, 0.909606397151947], "loss": [0.7156078219413757, 0.513239860534668, 0.44317924976348877, 0.38685423135757446, 0.35983484983444214, 0.33669230341911316, 0.3218948543071747, 0.30538061261177063, 0.30071136355400085, 0.28688859939575195, 0.2657621204853058, 0.2552196979522705, 0.2533266842365265, 0.2358117550611496, 0.22405296564102173, 0.22135846316814423], "val_acc": [0.8592395186424255, 0.8625750541687012, 0.8799199461936951, 0.8875917196273804, 0.8819212913513184, 0.9056037068367004, 0.8932621479034424, 0.9189459681510925, 0.8979319334030151, 0.9409606456756592, 0.9256170988082886, 0.9042695164680481, 0.8572381734848022, 0.914943277835846, 0.8932621479034424, 0.8889259696006775], "val_loss": [0.5061520934104919, 0.4185958802700043, 0.34630146622657776, 0.31556007266044617, 0.30457115173339844, 0.26524585485458374, 0.27255213260650635, 0.24190807342529297, 0.2456624060869217, 0.20153573155403137, 0.19023092091083527, 0.22472120821475983, 0.2919011116027832, 0.2127392590045929, 0.2508128583431244, 0.24628300964832306]}