{"acc": [0.7506393790245056, 0.8030690550804138], "loss": [0.9154701828956604, 0.7295940518379211], "val_acc": [0.8678160905838013, 0.8620689511299133], "val_loss": [0.7314639091491699, 0.6405124068260193]}